SSIP,SDFP,SDFB,SFE,RFIP
155,0.04622491037456725,2.4961451602266305,155,0.0
