SSIP,SDFP,SDFB,SFE,RFIP
1.3333333333333333,1.5811388300841898,19153.981927721976,1.3333333333333333,1.0
