SSIP,SDFP,SDFB,SFE,RFIP
21.333333333333332,0.0,0.0,21.333333333333332,1.0
